{"cameraMode":{"drawMode":0,"name":"Shaded","section":"Shading Mode"},"sceneLighting":true,"audioPlay":false,"sceneViewState":{"showFog":true,"showMaterialUpdate":false,"showSkybox":true,"showFlares":true,"showImageEffects":true,"showParticleSystems":true},"in2DMode":false,"pivot":{"x":-215.0745849609375,"y":1323.3375244140625,"z":-580.90087890625},"rotation":{"x":0.06188522279262543,"y":-0.7823073863983154,"z":0.08161548525094986,"w":0.6144344806671143},"size":1700.781005859375,"orthographic":false}